id,prediction
1,610730757.8049281
2,498676070.820643
3,219.10505686518619
4,213.36431713248552
5,90.33709269043261
6,284.1710763222229
7,1539912.4995479314
8,196904398.60339653
9,-0.7113047720219512
10,9835.024513746586
11,5655037.004395837
12,90.53795441308237
13,125.37190279754168
14,404.0496634182262
15,152788.094432014
16,292.79190738755085
17,9.847967311007212
18,64010410.8629382
19,-0.6923219322049077
20,42.35907203235588
21,151.33671945941427
22,10.945878458133063
23,126.33256448168574
24,232.48508489282892
25,225.2093899288708
26,867838121.4227265
27,53343.48575753078
28,311417.71076069877
29,343.88592182939925
30,0.16626524421513025
31,347.6535257473949
32,882.0131914985506
33,770.2863114241769
34,1439538.39387949
35,10281.932793703587
36,301887.83732924855
37,84058.46897143796
38,237.2537286097683
39,137.77234970317886
40,2206.1485868019204
41,991.230700722726
42,295.0665177309317
43,180.89044505634712
44,445.5066734898493
45,89.97697352128286
46,303.2233116125787
47,197.81707626239594
48,12.329514260854669
49,403.7538514264255
50,5156.846690077683
51,307.2146834168831
52,-0.35510797670068406
53,1344621.2355721411
54,115.12371289369096
55,1326.6652892682964
56,1242.6894888036263
57,815.1811867283063
58,-0.31232901750242215
59,0.54849583826505
60,1664.6228596018734
61,93.67903408277319
62,4745055.008985378
63,5793560.296569065
64,7124.176396623069
65,2578464919.3266654
66,16841662.51720265
67,47635366.47574306
68,16560173.955374204
69,3512.78239051407
70,29390.189083045014
71,0.028532243360139774
72,1713.4552698489924
73,15275.848194535089
74,7333.059400801497
75,1197.0847927453126
76,361166353.40592426
77,0.7676578042707705
78,303.36646299409216
79,25131.200851916452
80,418.2918312080562
81,147.6409757757853
82,478.4342298213269
83,267.89778602845035
84,401.4689338080093
85,2077.8261148488978
86,127359640.12302089
87,906.9614438160769
88,0.8720348129117121
89,1610366.1220576544
90,4606672357.989893
91,115877.54157672237
92,16378.953857784361
93,264.7661881054515
94,123.12144928348866
95,136480.3388757302
96,258.4491032159543
97,301.56138450279195
98,53143.71397914315
99,-0.5335296849973437
100,536.9128235361544
101,105611.13095126823
102,112.3081760658238
103,730.9401990179292
104,88225300.6323135
105,154.59688622240807
106,344.49011678074635
107,16039.028695216291
108,191.99294702377017
109,247.60374869281816
110,117193.92080539663
111,4057.18940681802
112,95.59477064807352
113,749197.4704567054
114,1406.5340151141443
115,-0.2456349736745106
116,1706.4198681128596
117,441.89586653683097
118,292.7907225910959
119,26578202.606969785
120,154693.25127525302
121,5442.176549862325
122,571.3897282802303
123,20049.29396370788
124,369.8052288819317
125,72436.14740497478
126,169.4485792656624
127,305337155.1310372
128,723267.8773010321
129,0.42811901090855925
130,152797341.39974666
131,1076293.0209924935
132,8267.992937370069
133,672897070.6170753
134,3636.5689624175784
135,364.25316605061846
136,46.47020869360041
137,485.7571219647015
138,3966118392.3092327
139,2112208.2944478025
140,1347.846163727325
141,1.6701970594777134
142,3842.286551475415
143,147.05728958015368
144,9.89944235851857
145,277.68144452547426
146,38.75732572458887
147,1.8829215329368516
148,300.57351313444855
149,176.1334772654224
150,133.0187169768776
151,650446.0413740947
152,566197.5799468935
153,403787.46743097866
154,273.73862032048464
155,952.7925635981379
156,6101874191.184166
157,979560.7996209755
158,42013.48347810705
159,118.52648248804613
160,182032784.45340618
161,1211.3795427443463
162,85.68107378989743
163,254.6683063697402
164,249.07662025080708
165,1129044.3069431612
166,24758.723206709798
167,274.5431159095889
168,3085019415.6102543
169,7.8590837981581245
170,11546.661098148492
171,1384352520.146789
172,314.76166266605134
173,170.89256889405974
174,22908.744355318628
175,8.424106148871186
176,536493.2983166962
177,578.9474684349722
178,160.76074658342296
179,238.74642526543653
180,459.2843620402273
181,1089.9237610442963
182,168.40354925680785
183,300.78730121160584
184,21516.69909639347
185,30127.694514450384
186,250.30327765684592
187,182.05540809814656
188,1184.189712586785
189,5248.997550893065
190,119.79951367180232
191,108.63445761832524
192,256.55637607556326
193,120562.86382533408
194,2870.0017968463303
195,129.76832443945418
196,11.593942093498415
197,159.8878966624683
198,4694541550.268999
199,2583.691207880061
200,1164517555.71211
201,68619.43770036616
202,291.7290212162035
203,7863.44379441746
204,1418261168.913299
205,319.7482880035163
206,240.46698242823115
207,-0.10538560948718324
208,129.02074809419102
209,154.30968217821766
210,506.80270466228524
211,177.52187248011444
212,171191.55089568062
213,2072427.8760809908
214,2098.1587464210734
215,391.87310195364853
216,1413.5217709415158
217,265235.1892830701
218,672.1054541513425
219,219.65787481758767
220,1900.0870351909027
221,201.2794219777923
222,752.9284863702388
223,474.3990510195948
224,3062592971.944319
225,57.40552855636322
226,120.07561385148811
227,884782.62844919
228,14.124680065842657
229,192.3900637020336
230,0.02887122491077139
231,224.3699204957478
232,123.94816085919169
233,1466131301.5815225
234,4763796521.898587
235,31191.185946887897
236,374548.84677477507
237,129.96564671207616
238,45.24441251957927
239,28158.15143948231
240,7.528348199086647
241,388.58038451364814
242,316.5644707939637
243,84802.51965069209
244,15975.100382294522
245,444203520.5605384
246,40101.56460441054
247,2269.3851797284083
248,2733.6484890877537
249,-0.3576749353872099
250,-0.03185095485649009
251,238.0609985074576
252,6847.692846769666
253,5747785345.404715
254,795669.6748950807
255,10300014.213233199
256,-0.20842782573476848
257,918.451022068282
258,2423.6458548699406
259,1563.3511497274706
260,1754.639934279644
261,660.7398463161257
262,629.8571446068344
263,451.22775520973437
264,-0.4638413902413578
265,-0.24057786837571313
266,2448706583.6639905
267,687717.7800923706
268,309.8473967659482
269,85551.10773094681
270,182.9738515812921
271,1473.571160644445
272,316.4623204212519
273,92.23446397556437
274,-0.14029864107197
275,242.1359215349103
276,258978.65124168384
277,6865190993.995684
278,134105015.50106633
279,509.5402323891768
280,120204.98080683086
281,40492.04510271386
282,-0.07909844075423304
283,8023.753713372616
284,358.1218299954699
285,618.1810931705141
286,129.38967256265775
287,14998.787831357027
288,3637961336.5688314
289,5284.390508505818
290,2966.9531764207786
291,19585.877018997406
292,5092.193327735363
293,6060.468043659583
294,16487.87667937073
295,4186.653811198838
296,598.9658981920447
297,0.9913126814858073
298,16035456.784140479
299,114020574.52694629
300,179.73799747974817
301,562.5440091241841
302,394.9776507096399
303,1743.9555849642793
304,103862368.70450245
305,7040.622619915757
306,1117.6783510136634
307,157.8802317022072
308,447.3644631271298
309,435352657.8893276
310,301.4973564061042
311,1748.671358820535
312,575364673.0583276
313,31396399.885198697
314,40008.23562778422
315,360423859.3806951
316,527397705.0747311
317,1789045.379450857
318,337414.8006685482
319,30.57812427943402
320,171.87042834745714
321,139111882.0485206
322,1705.7145800083658
323,182.4350449191718
324,27907.683332396995
325,4861.380888290703
326,678.5969838232743
327,138387.82590588703
328,651.9665288047222
329,27004.282386882598
330,-0.6170745522617986
331,57.82652721531983
332,304846.92948382185
333,1488.1397086818329
334,489.4650680839229
335,291.49917820344496
336,113.10460226229617
337,29723.49998679332
338,805.668164939518
339,3952.1405422888524
340,593.5743469262914
341,379331722.7283388
342,410.31020215727165
343,144761.47411753933
344,4565159.97969128
345,328.69176500952756
346,0.11066073730707969
347,440001770.06695116
348,2101931570.0415766
349,347.2075524986495
350,2303499.2397214593
351,9.437062261269109
352,533501.001093116
353,10157.67248423384
354,32167.156080257475
355,2471.6870308956636
356,679.9017542027736
357,146.23223748107714
358,203.1639119553836
359,5390346.457493397
360,37.543956031906376
361,111.92457977694939
362,9121424.193478446
363,817.9929021148176
364,64684283.132667616
365,6825.724802727873
366,-0.3928748704039219
367,1126299.367221226
368,630280621.6561927
369,289.7161231248862
370,517.3227997790408
371,441096.57305117627
372,281.6912720804377
373,20522417.869051512
374,8571.052968620817
375,-0.2935257045225604
376,1989.5128590579034
377,1652.9070248821458
378,624.2966628805231
379,28689.701321817356
380,23928.713941327573
381,1089.8831472352076
382,5027.387528829323
383,945.2021636706759
384,7.44624229251643
385,1993.3515213494459
386,5042.246127417098
387,610.4643353391641
388,6374.861782242755
389,25883.727206201886
390,-0.3433294054178428
391,-0.010014251888980478
392,6927.8599601265205
393,4344.665580907424
394,5871.386922534636
395,109.79129962607048
396,1333.3484440114755
397,-0.4848928746528838
398,4.414002680901054
399,192.5421729034733
400,180341232.20355353
401,76343892.34804343
402,721.4706892562717
403,139.17429827885502
404,461.87352116311376
405,64639.30218485082
406,22.057975476586368
407,20.506205310074147
408,203.59163999743888
409,1739.8484204605572
410,256.281385265244
411,220.9964393396341
412,21402.650981780364
413,299.15139465912176
414,108.27063473481783
415,152.9604978000643
416,-0.6842564938458879
417,1248.7764930174524
418,3188.1219741596647
419,-0.6124048299089033
420,239408207.09773082
421,2209631.867946228
422,663.7355453856936
423,7642629.941317458
424,3099.3782319516936
425,136310662.32141763
426,245.61791354646212
427,883117.626014366
428,37.15445778542274
429,18.42513693931634
430,7357.010581160168
431,372.62695544858684
432,1479.9274135764324
433,6256508.658866097
434,15795029.028991176
435,-0.30328096941079896
436,1274610.7278616999
437,540.3474806262043
438,-0.12124170512891594
439,9207.45556126449
440,250.18355559274525
441,373.60308887869905
442,13967584.442548
443,14.439380251873056
444,125.81963337144141
445,2935383.3103832295
446,12934047.626143476
447,706.7977379278857
448,1529.4863822653504
449,623.4025427471648
450,18865.926202757517
451,-0.6563077519037785
452,1011375.115544217
453,3928.0463250277853
454,749.6148037460891
455,208669.00339067145
456,556779.8944852314
457,154.92878728134738
458,37033.34655922156
459,140.49341856120063
460,25.77016777731017
461,324.91124690608086
462,464.7657680947916
463,364.1771741606137
464,4.040788229982807
465,1649.9783081859716
466,803.4491826708976
467,-0.5213824015871092
468,3820841.0699542067
469,2487.3289345732924
470,56247.0892003792
471,118776076.9512592
472,381.07622894109073
473,82080.05107221163
474,1357.9440562915095
475,142566.00764168208
476,2718519.7825818057
477,481.83767317099426
478,5450.266613190852
479,57237616.68218762
480,260.30001431026403
481,946.729103620676
482,136.7451077640388
483,5374.876774440983
484,380.3921823084454
485,1.6982646388001408
486,4980.194839101746
487,3007.7884223182655
488,0.7549524793811506
489,18494.25506781357
490,391.1455355660482
491,203.96017914405178
492,3578.188482594527
493,25629.99438499557
494,20987242.51092812
495,122248.07354534788
496,-0.528937813914534
497,208434449.48282522
498,92.28102899102852
499,-0.11646050276689737
500,160.42329161115003
501,1.4504885190188972
502,100.91208884863974
503,21174157.44265189
504,118.7557960097473
505,3523.1660090792793
506,1008055775.4730973
507,49316.16318303898
508,307.42449284902784
509,131.49938232560382
510,183666.3890821348
511,369.8284816242272
512,6517899.360924451
513,5672.565177781917
514,112.52584771661603
515,114.68721100843588
516,7088.243428459266
517,619.79908336599
518,134.82477152223836
519,2691.162123535923
520,415.80314043949306
521,81.27279887932829
522,6523.39789371044
523,0.8806714364687342
524,33.83310316499586
525,0.07085764377016622
526,121.97667740996263
527,119430720.6950635
528,301.94570954042655
529,118.04260250973776
530,41303.599668965435
531,3.953441833049947
532,1.7025300137895703
533,12651.462348561203
534,161.9133124429455
535,-0.6597576370677058
536,1203.8005919331438
537,88.9394200371241
538,45820406.393137895
539,306.29456369370456
540,123955752.4717442
541,122939.79113986249
542,175.5375185146476
543,-0.6146648200539866
544,9007.464364780015
545,971090.6559103507
546,127.09800029176202
547,45921.72091045847
548,1.6144631922843082
549,523049884.56495976
550,109978660.40321602
551,213.56774220549354
552,9.880470065974828
553,0.8601716253772005
554,324.0335758258897
555,464479.81207932485
556,815.1668687612005
557,0.06851051001326061
558,648.8150543922096
559,6971669.399821342
560,15921413.70915996
561,3836.7539420134203
562,69.17418819048744
563,1.5044772123599497
564,106876.88201044525
565,0.6676908564379493
566,351.36454393687166
567,124.10229743747551
568,317.797688516374
569,0.03592573436611878
570,707.0675412736007
571,5.226725471304173
572,118.28018046753208
573,28471583.11156573
574,178.30036666324642
575,-0.5791507034112933
576,186397.962712036
577,166.97054073112793
578,554.671988462836
579,233.88742625336695
580,1271492.1432999352
581,4377.432876871258
582,1998.5761784174877
583,22717.22367151686
584,2.67955191586052
585,178.18167892475265
586,3955561868.043319
587,12239.620411438056
588,365871452.995261
589,2017459.0021662985
590,-0.6138671679372938
591,1.8025178045949066
592,-0.5106281976045921
593,661.9485231052101
594,271.3169836774078
595,5167.037629876282
596,89.88643516313843
597,-0.44899407221219123
598,110736.75524647145
599,-0.49018035180358493
600,505.7969362357486
601,334888.766174063
602,70.64109098144206
603,1346.1792761896922
604,10234641.872145293
605,1.1971839007868574
606,1246.4791869597664
607,0.003170231852648253
608,114.93616507837461
609,285.75552528159113
610,16041.385150592701
611,444.19677442103915
612,3023.282856688056
613,507.2692862762987
614,124.50339307690369
615,923.566798664998
616,15.378811631488357
617,2570.1770384236993
618,10601.77130448937
619,156.4638382569297
620,309.7753842710237
621,3.2231614268700826
622,40.299470960992394
623,202.63497122901938
624,186.4231702813299
625,9968.38172154128
626,224202.3525846883
627,1088.358262052721
628,106663119.21609771
629,6172.5697270825995
630,1714.2741974865787
631,920.8427478718119
632,2505.7642448590673
633,2316.234261540978
634,115976628.54580875
635,1096.0561121609753
636,90.60023615960849
637,2401.109417839508
638,10720465.912253542
639,3489.778896635703
640,2882.6259792722694
641,146.45564353448194
642,645.8903304912978
643,187.7400831855478
644,486.8728842088366
645,161.04736926899704
646,137.1541210134462
647,1428564973.819188
648,20551678.57712899
649,224.91862601261246
650,25683898.955772653
651,5120.198304707992
652,427.2219363008129
653,4235032.002554589
654,78118892.31902213
655,4351.503309428428
656,119354.65645481752
657,69096.3749608784
658,105817.47148505812
659,345.81631417045946
660,16661657.630989047
661,58.6133793828564
662,8712877.87971347
663,9054546.100003364
664,169.02005618131165
665,35.41643333193659
666,5.351229118161048
667,23414169.03280248
668,14.319065955576193
669,171.96196921604854
670,0.11869095941718776
671,108.78719897607185
672,0.06321566827107873
673,-0.6445751705989344
674,216735.41415594533
675,770.4449865915029
676,119.38476966169344
677,19963.388678510986
678,33143038.236910675
679,5566.295236010589
680,78643.71748476748
681,115.8844955932767
682,201.94344954369254
683,209.94225603098607
684,26616.340556336778
685,233459141.04138196
686,14.411339152196767
687,116254.12450917324
688,3.011007405767911
689,2004.8039005524374
690,15360991.612579625
691,2596.899379985446
692,340.18872181592343
693,-0.061497007103186195
694,164.2389805904012
695,10324.132993690057
696,207.85594004851134
697,-0.642530503869676
698,2273.0391677486346
699,219.48496603527016
700,303.3252909754266
701,151.65198241967056
702,1369.1124618750139
703,205.07325317639632
704,167.5542989399266
705,57200922.56526089
706,116.73751871236495
707,404074562.06400496
708,387922.9967151408
709,27780286.11947536
710,864.6968809485528
711,181660.12701027177
712,570537.5791532552
713,652097.6697106442
714,1172.457711783718
715,27810.782472272494
716,5874.187015422125
717,1683.4916694718647
718,0.44198769088133566
719,380.2332081671311
720,3.897139620419029
721,1725083616.1441221
722,623.2627630765843
723,255479.46223177903
724,1723.3194696100006
725,1847.7483454564956
726,140.96257968383424
727,127.99684368219098
728,130765740.84699468
729,6.072440454124321
730,173872362.0506892
731,889.6893464756394
732,121.2100761618784
733,57228.048934827675
734,408.54288979625716
735,42246.269232434184
736,27.13384370726927
737,17724245.851215616
738,4244.09687770989
739,382.20767810529213
740,523.8989305008009
741,-0.5629443073628395
742,30658227.464732803
743,1358.0042842907399
744,355.5832317741448
745,120.2099133965976
746,425207471.4168741
747,556.1072461732169
748,2058.0313274508685
749,93.67278501554635
750,396.32593844636943
751,-0.13733682379214637
752,1695493.289647467
753,2230.7103328855374
754,337.09366454264983
755,252.8921506548342
756,4373.185823176236
757,2.569972867699475
758,573.6213325843394
759,449.26469339996044
760,534.2899197113607
761,140853031.8533089
762,845.4758405796583
763,51623.37633844881
764,282.5352820308676
765,193.62653849570833
766,10.041029171680014
767,469.420816879127
768,410.98399651603376
769,7.297794779323429
770,2798.098912601115
771,850.4199696570518
772,168.7577909367771
773,69.34866097379359
774,211.2328258323096
775,44243.58342503048
776,311854.5864970514
777,0.554919947795161
778,2444.6435430520733
779,508.20418512195084
780,3614.6612542371163
781,10522.360933542117
782,7068598.124984599
783,129168.5031592163
784,348.98752237340307
785,239.73185929037984
786,145.2512243357838
787,506.48804509037126
788,3.868583993026993
789,1.6678195644819604
790,2.9618120587466423
791,18790043.127966054
792,30468.884298705674
793,69579695.30301034
794,-0.029126065279251247
795,328595148.6844705
796,-0.1596528599365458
797,22065.895329771312
798,183616.88917345463
799,83.05950802488057
800,12414.349564539954
801,748.5161680362751
802,93.8546286809418
803,5450.275506813701
804,12.847977782946868
805,226.83414352891333
806,130797.55559548942
807,161.02771163899075
808,19306.478892447332
809,530.2511986212057
810,-0.41555728657447055
811,114.22953835809152
812,55901279.59990173
813,2448.379363372009
814,32.46995608595417
815,1462.3935948594858
816,1049.3004313622769
817,4465.154101423232
818,72.29019778980422
819,11224.122210144646
820,2100.123115063164
821,1239511.4498017451
822,283.3236624146385
823,429.46184332710834
824,158.58834552643881
825,148.3059799676937
826,266.809133574459
827,3365.08017302034
828,4.159637625256815
829,237.85361895106317
830,217437.29358066604
831,88561.65400899464
832,11636768.205743365
833,2759663.577863705
834,171.43788542158296
835,145.8959161378297
836,9517.53375708623
837,1832520955.2363846
838,28704072.40427604
839,288068.1630031893
840,493357.4840254765
841,34348.65187648817
842,1301.3722404320188
843,1535.1637440233028
844,1153.1880380917783
845,231.18650409104734
846,137.15699315834726
847,82.46190347818768
848,1134.654524241764
849,39172433.11392549
850,137.9343381234781
851,1961.0523962587195
852,7710.846444604383
853,118.51167087249507
854,144.71991146631626
855,27769.568430783926
856,11939.006734972058
857,456.876092144898
858,584.2744601760961
859,157.01337378872913
860,10429.647571539992
861,53.720430578058206
862,85745.41812935173
863,200.91758733416864
864,192.39962892792724
865,305.1070069333558
866,3595.8894772282592
867,1548.579089306167
868,67.31539412144721
869,153.1459679126061
870,134.34125539968522
871,126.2534787515481
872,721.4611224769295
873,4426.430400834976
874,178.14764982521152
875,905.1052890277979
876,522181.09241743403
877,415.70237911476477
878,157.24946777221845
879,125.02815885851041
880,1048817710.7059664
881,301749753.9940505
882,1022.8769280681586
883,22670.8004990268
884,222.36235802886858
885,2369.213664006055
886,135739.90377900552
887,22819.5786689441
888,55509.26212165228
889,255.21996756150872
890,9918.48015538788
891,107.98715016538483
892,82088443.56835839
893,-0.51090905879994
894,3239.00584096441
895,1081783769.5554497
896,31180676.688566014
897,2153.972548721694
898,462.476653452325
899,8438725.421024187
900,14595.566822324681
901,561.101842587462
902,11662.917641777014
903,823260.4604673615
904,237780679.16879147
905,-0.4921852372587786
906,893.7493930296359
907,279069.49303490575
908,259333294.5942081
909,374153.74744361895
910,84.59046224368443
911,2771352731.2881017
912,1303.6337606289107
913,814136.2222627926
914,162.073503240558
915,604.0640594412773
916,18801.734118589084
917,18467071.96650041
918,0.49177108587238677
919,1.7871230919762309
920,980971868.5690622
921,246.17953876349847
922,223.5701549852121
923,1937.0528934495946
924,592025.2424964603
925,4414.574342300539
926,5.096463988981187
927,213.81813455557312
928,360.18753164020774
929,1852.2133215781982
930,1.681954630220949
931,928.6696719639824
932,3628743.641214164
933,1023394.4359343125
934,221.20115268601566
935,2677619684.3035817
936,162.0184436391506
937,11768.454678861915
938,257.0605484831408
939,920.1092835223167
940,10710.503584104117
941,98.11786819091228
942,157.36620617872526
943,11289.490934260186
944,111.7136570746231
945,-0.6171841166047118
946,550.2607302944289
947,844.4270559985576
948,-0.6022138140101602
949,5122.218875845635
950,4.744360669138384
951,535.5032316412436
952,164.47611679633079
953,22421326.847288128
954,3.3112115233282315
955,235.9761373413375
956,374.7834159458613
957,33123993.899827503
958,2956.0035271596275
959,18.733111853968314
960,85788.31166100755
961,1.9298741596205407
962,2738.650847469906
963,151.2947780618301
964,7820.834324827613
965,270.88990605349863
966,1671928639.9945345
967,1502.251474445453
968,6238429.18461923
969,159.12644270187985
970,400.7391606965565
971,15.87964153256268
972,188079.24991899342
973,13.561126862357375
974,140.839209281281
975,11416.606161709105
976,123.80765674099206
977,8423222.823007831
978,209.31792480615073
979,2379.2926001748856
980,27563.4224210126
981,109.18767254372862
982,3255.700495506883
983,550027.116792233
984,131131.8293143043
985,65280.68916363409
986,150.98043206634634
987,311.69066011520573
988,146.73911080040966
989,2358348.2865808164
990,9735.201454837748
991,1170.6801338877929
992,136.38612408998537
993,2.6995638361499976
994,95.49629261567921
995,154.77058785068567
996,472.2432769692899
997,262.13967666999406
998,-0.63646216632612
999,3264364.3860700615
1000,34595.27951421274
1001,1109.7765074071565
1002,2232288.6683414266
1003,17775.350658157648
1004,203342.61987169384
1005,3608.3888142548844
1006,6660265.631799604
1007,83.88261599344521
1008,-0.02129511487996064
1009,659323.5350542183
1010,520.2989832731307
1011,537.0177593847183
1012,192481145.38021904
1013,49515172.67892537
1014,383.4344225362468
1015,687.4480947791935
1016,1279.8290570387935
1017,75813.63811724973
1018,221.07395106973448
1019,411.55649173157457
1020,151.5995100579712
1021,2986.9187128510303
1022,19.615738299157012
1023,6926.076716153236
1024,4676.574408598108
1025,539.5142294390248
1026,903.1604625352893
1027,14912666.79413998
1028,153.36352302500666
1029,482.1906491017886
1030,1564.975728609656
1031,0.21336081784179478
1032,13358.345697813644
1033,3.546989637907232
1034,747.2051163851935
1035,308070740.231469
1036,13633150.75708672
1037,106586.8429763002
1038,5.222115770014415
1039,676.3699989647731
1040,16682.079948934246
1041,1080.4516076139396
1042,90153802.65791205
1043,12418.24537604852
1044,446930.889255508
1045,821.2714461918006
1046,132.06379706075515
1047,167076277.4383464
1048,127.63482479002045
1049,1562135.0838401392
1050,39879.867243623215
1051,1234382.404662038
1052,6.189061652289413
1053,256.8602043966334
1054,345.2863414252831
1055,-0.22693971932906315
1056,432.3284902440129
1057,13416.13022315508
1058,323.30862484844994
1059,4.065559155437918
1060,236.11909200625095
1061,0.6450307697059587
1062,442.932388494478
1063,163401.59361267107
1064,175.55636035685052
1065,121891.68038047213
1066,3591.328481571187
1067,344.99187745938195
1068,192.3632831579086
1069,1.8393089869209205
1070,397627.9561773819
1071,1219.1855469851948
1072,4932.112748613836
1073,209.1677124045597
1074,337.75797842811545
1075,12578.949856078958
1076,3168.4215374184473
1077,211.52131857833342
1078,224.1586709407186
1079,8.11915948639178
1080,827.4990821816374
1081,916057.0517701802
1082,311.3346456885246
1083,728.0735737619634
1084,1290.2600973418748
1085,423804.2707614602
1086,-0.5002989151850912
1087,-0.45116844043268306
1088,41969932.413641386
1089,409.0705360603371
1090,1174.4619625001471
1091,142.15826213599354
1092,207.76993086343458
1093,2328.285679294446
1094,28863.9388044425
1095,3196.7361372533146
1096,104.17916950753543
1097,18.606074278792963
1098,69355.20575292806
1099,155.0044848069288
1100,413.556984981823
1101,536229.6186786251
1102,1005.293468395032
1103,26641031.887492858
1104,21242.100362953548
1105,189.64260449270813
1106,166.48427029999695
1107,181.3144475851744
1108,244.37629453182538
1109,113.2179862169266
1110,34143.02137730487
1111,3.915840581680955
1112,1227.578125928914
1113,4859.737165866247
1114,5010.1029303381
1115,363.36901159904403
1116,60867.30372387252
1117,17566.740066476083
1118,-0.6681743799147676
1119,389.1483937966229
1120,-0.6095465134200799
1121,0.7568295225204327
1122,213.4696112822431
1123,63244.886423321004
1124,259.9273038414577
1125,119299.08969599474
1126,5.381775816662523
1127,10455.656326119828
1128,2385.72621219358
1129,65322.61156605465
1130,4963174.050852064
1131,2000.9895415361361
1132,34073864.94396506
1133,241205.53401622266
1134,6.333847177574885
1135,24001177.869337194
1136,2147729.7238796577
1137,42531.07638720322
1138,-0.515110678065041
1139,8311.791668752141
1140,140.46198690525756
1141,4904.155605686025
1142,27012.420638881405
1143,11025.448054514663
1144,16807.792380097217
1145,517751.30308052583
1146,284.2574298472237
1147,78860.52418850437
1148,823.3312965296577
1149,234.39248865693298
1150,12958.627662279621
1151,81.90811141527399
1152,106.75328793844082
1153,67085.49844144148
1154,182.48976615777087
1155,28725171.908060398
1156,379.16240658032297
1157,275.25118395682034
1158,390.7104928246057
1159,839.0447486336008
1160,2991.349710371189
1161,157.92303677358413
1162,2405.863919119296
1163,686.7944664489861
1164,4668.663299454763
1165,5358026.615265363
1166,787.6973601069222
1167,29815903.598452114
1168,4.614888489354408
1169,373.36502838233196
1170,81711508.62610772
1171,21376.63604842924
1172,441455.32291133323
1173,11818.100013709027
1174,62909.41582266766
1175,-0.7093464059564774
1176,171.4002891045719
1177,6033.818051096648
1178,534.0729061829273
1179,13102.554270420815
1180,4090.2205714014262
1181,6365.657999121374
1182,190.30990529788366
1183,13.058858788197002
1184,375.65663610216535
1185,81.93956233456565
1186,250.48708767871798
1187,473.479193804734
1188,2.0021087152216
1189,235.2999311907845
1190,63601.87588823674
1191,1204931491.8842256
1192,350045.5331824567
1193,557.4887367600171
1194,529149.8757488205
1195,2072.102333619465
1196,1495.008073320208
1197,1134.9595641509707
1198,126.69074558052378
1199,51.04549461747288
1200,2803.635352833554
1201,319.41794930524077
1202,258.4933593702986
1203,131.1025492982333
1204,-0.26312306269013447
1205,241.20680426989625
1206,0.05685720555171923
1207,3183122.246041927
1208,960386.1142325086
1209,23234297.534296997
1210,0.5695109033747427
1211,432934.743155456
1212,15444.58408875728
1213,52399.54137369216
1214,7.593596028436981
1215,70083.01795124583
1216,694.9753663976929
1217,2170.770482041521
1218,514537.18470724655
1219,65.56573770794056
1220,26024.58116790266
1221,241.93282791002164
1222,329.7797828049045
1223,264992.73015386093
1224,10763.949052316004
1225,47960.2592865439
1226,1281.0637244928646
1227,2197.313773104099
1228,194.313199986389
1229,834.2984477846136
1230,815.638302296012
1231,18061530.07736921
1232,10550.866684053433
1233,1.7336634509058193
1234,2.7293719468794544
1235,130.44512493384946
1236,11410.957269403254
1237,9140.15640118782
1238,32.435288722217386
1239,21421102.840856217
1240,312.7658924467613
1241,142592648.44013774
1242,169.9869725362934
1243,5820.162742203327
1244,8389.194844391997
1245,2935.4863912336104
1246,16932.964736194946
1247,295.3736934296949
1248,7865.759881033529
1249,3.1705478801580202
1250,404.34947500988477
1251,901.8471645259762
1252,392843648.2211126
1253,18979.713074945656
1254,13239.089800419973
1255,2432.0458494068994
1256,304.0929004861082
1257,49130429.0407654
1258,1060.7609148990136
1259,137.94689180300503
1260,8.809103651058681
1261,3.734334735174059
1262,10448.96440721834
1263,342.1909558079788
1264,17725.588700121472
1265,28203.019676724638
1266,408.92967932452075
1267,172432.71501636112
1268,9164.924499589006
1269,134109.96484910086
1270,129.59666762740028
1271,52514.9076907701
1272,599.365750826634
1273,1988.8061282108904
1274,518.1552904889435
1275,23735.345867059295
1276,1312.2482642536531
1277,-0.4807600220643623
1278,175.53730606937776
1279,1249.5723860579155
1280,-0.540722114639296
1281,-0.247299336067357
1282,1911.164452597079
1283,8374.888455443179
1284,15182573.920017079
1285,0.6425521617248651
1286,110.3574749859169
1287,141.6688929653688
1288,116.67846446215516
1289,2818.5374805062506
1290,24.02872479619692
1291,95779.6326198128
1292,101615.81041768585
1293,508.88011397247703
1294,29500.520152057798
1295,1567.367339447926
1296,701.9220170090521
1297,2689.5415419518777
1298,803.9479585824313
1299,0.613389220807304
1300,-0.033710080408046864
1301,4.475018246690423
1302,-0.0022586653072843048
1303,289331831.92155486
1304,2220.0387821149548
1305,526.6983972356413
1306,200.38571351311109
1307,78770622.33712155
1308,-0.49312698832484436
1309,371.51204841222193
1310,258539494.7053381
1311,2673.5756366073274
1312,675.9815431169967
1313,176.52401451376537
1314,-0.6532867874199697
1315,20.254885800657007
1316,1112.4624321858864
1317,-0.6235633520223944
1318,818.3086096871028
1319,936.9156973210696
1320,103468.53461448768
1321,93012568.39409955
1322,940355.8830420529
1323,52116.58076756137
1324,526513.4155462369
1325,27.893204660019535
1326,141.92943001128256
1327,210146928.41863123
1328,32340.575841764698
1329,13095.557945525574
1330,236.40225978856458
1331,-0.16947398311059927
1332,3376.213138578622
1333,163281.0118007204
1334,1.7255851859932227
1335,138659.50110007095
1336,1828483.9824175816
1337,-0.6603250183559952
1338,4887.595507689914
1339,329.10324921877964
1340,-0.071314738984166
1341,9103997.270066973
1342,47986452.730103746
1343,82.05467426880874
1344,8124.909589153928
1345,149.02021345033563
1346,13208.486618978715
1347,68123.331711288
1348,20.111893575260666
1349,-0.46491939137019017
1350,1047.7868806560684
1351,1.0746047777260115
1352,370.12001145209996
1353,432.3545436256257
1354,26529346.22581461
1355,46764229.557417594
1356,2776.6582063540673
1357,1756.7177841513742
1358,44158406.39266313
1359,364778.7168397317
1360,1281.9704790499027
1361,30314.480401462446
1362,44951009.47771822
1363,45527509.19345835
1364,72394.80928157852
1365,5535747.644152109
1366,250948.65937257843
1367,0.7121282882934128
1368,42137.888348817076
1369,18267476.587713927
1370,401.782046381348
1371,743.652010195585
1372,206.6018658063501
1373,146.29047085321105
1374,296511711.29020834
1375,-0.7996124520492897
1376,0.0707430405578521
1377,-0.1366471577411616
1378,154.0610160245261
1379,172.36300446250087
1380,0.49827903445951355
1381,-0.5034373996501981
1382,126900323.74713841
1383,85441485.81899984
1384,71.81179043732021
1385,3216.3567681437557
1386,375.3679040368896
1387,55435.955664770794
1388,3027948.2329346044
1389,37.339663492816435
1390,13543.121019936974
1391,360.79170810580365
1392,5953.802902690937
1393,55.707127154870335
1394,237389.61644228868
1395,4388282.160486674
1396,6.829913234572475
1397,227.8324682349077
1398,104.10778647134693
1399,669073912.0522484
1400,-0.35960683442901353
1401,31.65002230296355
1402,516.964940428374
1403,6.371146890400667
1404,4.913581683313425
1405,-0.3619679453205961
1406,-0.314885727955997
1407,51147.492176595115
1408,1445288574.5330641
1409,2502.354703669132
1410,849.6979066707672
1411,225.86380374491645
1412,1079.1131684609416
1413,55.282815937336466
1414,25.5426532409731
1415,-0.6360071347694967
1416,6.4250567151620785
1417,8262517.6792140305
1418,172.52440488548189
1419,121019.1317956847
1420,1379.0913821088686
1421,-0.10304613077850104
1422,388.9168922288816
1423,161.037388614939
1424,118671380.70612752
1425,88112.25648619395
1426,35266.853231120316
1427,53778.621643462895
1428,336.6559892012201
1429,-0.5239249051654352
1430,2117.429831728822
1431,160.97625814295145
1432,3221.49439756356
1433,162.3008882154762
1434,37086.56546860998
1435,702.8312059595658
1436,14.096731879256561
1437,322.33203014713575
1438,8735.077278155557
1439,40385928.71668987
1440,2954.7411985662666
1441,129504.76864618133
1442,8930285.392298136
1443,1488.6504216832109
1444,43529978.13103236
1445,273.4460177964253
1446,7910.627917351905
1447,615.8653043311294
1448,2170.8147628178153
1449,371.27826255029544
1450,541479870.0896062
1451,2923157.926452656
1452,336.7332643522939
1453,2419922.2648898526
1454,259.3533246613498
1455,4180.281134814895
1456,159.07607215801553
1457,5000.316261308349
1458,19363.92930784393
1459,81.12972690405435
1460,176.3993677305562
1461,1051432.5260002892
1462,32366.218532600695
1463,4020559.187637666
1464,128.0000511662106
1465,791.9871652116786
1466,0.13406916814800632
1467,48841.403786748
1468,2.947117221808405
1469,5212555.846758511
1470,280.69391942862035
1471,8333.777131346838
1472,44432.53993491357
1473,227745.1170073173
1474,9797.35785062817
1475,12024.221104227856
1476,153.50661406498702
1477,247104.102636884
1478,5250.3810369638095
1479,302.2010327650538
1480,1841.1692800626563
1481,704.2621165931133
1482,252.25891325755566
1483,2.594894919460793
1484,111489410.82053638
1485,338.2125890435108
1486,591.5601129677771
1487,97.20416721094435
1488,82.54000476820158
1489,184.585222754755
1490,461.00292261601203
1491,1301.4438297695378
1492,587.0909016025853
1493,2554.0191692724547
1494,214.75240365621002
1495,151.85116095498452
1496,311.36638913039434
1497,30247847.577293675
1498,6165.6257862986395
1499,3806.1640886155496
1500,570.852567374011
1501,6757.4264220928835
1502,432.16531174418833
1503,289.1165070176098
1504,212.6963551814269
1505,16086.180195244819
1506,100446.93282586412
1507,494.25947760484456
1508,185.04033835249086
1509,156653.62297800364
1510,5024.394169604346
1511,768.4190005075864
1512,369826.1357033904
1513,1444.808001558976
1514,453.83377002689906
1515,631.2397076022086
1516,1453.0977853957218
1517,1.8459101307800139
1518,92.72390986198153
1519,5200191.8588295095
1520,148.92475363118402
1521,567.9982102512895
1522,419.00877896693294
1523,22646.946201342053
1524,881.136061275593
1525,-0.6849037822358566
1526,139.06930711986755
1527,456.1940267461065
1528,9431.38178554116
1529,4024769.9542379626
1530,1630.9807944486433
1531,10825455.395348411
1532,12.635343049957342
1533,17.16508247822613
1534,452.8728613503961
1535,34776.85009464588
1536,218.70761742102545
1537,6080.401797610561
1538,10377.46120728664
1539,266.29252142470926
1540,6451.528051198523
1541,4734.305308186211
1542,125.83452676388448
1543,1314.5950492505665
1544,397.4557742635574
1545,17214.40828511478
1546,500.1301362292758
1547,112220.2998571296
1548,6096871.084502585
1549,2091.824645182637
1550,146440.61924906037
1551,44407.49424895429
1552,1017.858767009529
1553,304.05745841319447
1554,738.4039447912428
1555,2188.7274234633137
1556,61249.402901247064
1557,290.0395891173609
1558,163.24644077850508
1559,362.81104466090386
1560,6821.822175706114
1561,1674734.0628979509
1562,12.465234640394817
1563,446.646921189783
1564,535.254730728604
1565,99.22177268477046
1566,63.65664123491804
1567,213.4673778064184
1568,1557469.2118324148
1569,48.96407846000207
1570,748.2938813375904
1571,220.14432822110336
1572,772.6310264221031
1573,427.8204367156444
1574,0.16421863189269373
1575,138.38416935296107
1576,153619.78894354886
1577,3046.5912796477974
1578,2.7144701172495167
1579,143570.91510834452
1580,44875.08469159723
1581,15.622077688765266
1582,2033.6311157872199
1583,206856311.58964705
1584,1298.2164966115347
1585,1111.772097029089
1586,265121.3249778102
1587,462.839947279846
1588,51.202396161836106
1589,1050.2292046536857
1590,19923965.137177356
1591,410.8707142346688
1592,-0.03626695484642985
1593,860.5074144604945
1594,392.5130467786429
1595,16782354.28927758
1596,3461.4805134259004
1597,128901871.71194763
1598,615.1431379575739
1599,31119736.87803894
1600,13.116430022325877
1601,829438580.57605
1602,35460448.80517395
1603,63695.52624083588
1604,903.5929963809049
1605,950.1496024363546
1606,56760901.66687686
1607,13360.151961914178
1608,127.74464293324579
1609,123.13463032320827
1610,11.921946231518913
1611,39255.9693143593
1612,9032.527901506428
1613,4.535725022121926
1614,197688.46209636805
1615,119844.34612176838
1616,3.734710132405872
1617,701.6377651133962
1618,5.67838974397514
1619,158.7801628924228
1620,5456.503385848027
1621,195.78943102982672
1622,-0.26000363191276993
1623,127.66221237119754
1624,284682.3932427208
1625,3333.8171783253456
1626,1725.7080622554386
1627,184.1035485880192
1628,353.9771642783043
1629,440.6150195231368
1630,0.14403757824199998
1631,470.4984659893514
1632,4047.0406249652688
1633,4104.402694656019
1634,57822.95124111729
1635,391.42378615933995
1636,1189.1804961443213
1637,23395836.4114483
1638,121.47197704032564
1639,156070.86513593837
1640,45326990.19675052
1641,4970.437621410898
1642,30070.616826335372
1643,4797155.746453483
1644,0.7616720128960626
1645,275.3663553908319
1646,587.7123646458098
1647,79723.6444365799
1648,-0.1733554717717683
1649,1372943259.905029
1650,29426.02509345318
1651,5.505471860651818
1652,827257.2207706834
1653,86728982.26619369
1654,7710869.914145648
1655,2156.9577557223874
1656,4.222191208110923
1657,202.67415008949132
1658,1871.2152969594003
1659,5649.154447094105
1660,17111236.292943075
1661,3332.416851008088
1662,421.3656197235192
1663,3260578.9548322256
1664,131.3168634117752
1665,191.1721930686371
1666,38396200.96063522
1667,645830.059925498
1668,35720.62799986284
1669,150740431.48852497
1670,13.318317006468037
1671,256.1678188655084
1672,166.380460342071
1673,4350.551002419132
1674,69087085.85403693
1675,206.4238935767068
1676,44058711.290361725
1677,402802.7069022997
1678,36337.94773542414
1679,357968661.15362203
1680,9770.68902400918
1681,1761.4436178423337
1682,-0.2773627869967719
1683,388.04602415809825
1684,9.141583553627017
1685,1547.6677520617752
1686,408.12432752165995
1687,210536005.53034464
1688,412.4737834948388
1689,16903.678433141427
1690,7.959579348793408
1691,364.731690453799
1692,2519984.8043426014
1693,1866.41016713828
1694,513.5558056387578
1695,158235.41660085745
1696,1182.9544928607324
1697,0.02323452447979597
1698,34218.7296512074
1699,91385.8053132603
1700,4854475.831746036
1701,211556.63071617731
1702,4890.527619168491
1703,1602.7522722670583
1704,1450.2500463414106
1705,2498.5152784368015
1706,144.4670191423287
1707,4664.951658684652
1708,939.01954749141
1709,150.40576687228898
1710,247.75473941137895
1711,0.6169126458683118
1712,205.9464392951307
1713,1301013671.3289607
1714,167863908.9993734
1715,-0.7394520049164893
1716,5138.171286432401
1717,1588.3735511386883
1718,15559.163808343643
1719,1066.1446602839926
1720,12948.061090060612
1721,11042.818577651658
1722,162.64057925721596
1723,388.01211763734347
1724,1017.8998000877758
1725,-0.385842731823627
1726,-0.5975574711425471
1727,-0.5709762337902498
1728,240.72525506773664
1729,429673.0962110932
1730,228.93397110017898
1731,82.93630294025569
1732,170323539.35816458
1733,41582748.862170875
1734,144.27023431171406
1735,104.64143371436913
1736,80893.1651431001
1737,11817.51031203651
1738,9795.078707902307
1739,135.14219894872082
1740,2.7332543472192397
1741,630.0465276186432
1742,368.5152478342763
1743,372.43791599900993
1744,143.9700395405772
1745,1080742.260950781
1746,61000.3053998397
1747,658.2793378485579
1748,20621.259505825725
1749,89.18529619586425
1750,272.53194810678457
1751,178.31173081745538
1752,302374622.1534348
1753,141733.35571880228
1754,1135.62517667624
1755,538.3154698657803
1756,-0.552371440296481
1757,236.3263808457703
1758,1652.5484941762725
1759,452.1265442454722
1760,196.03988378227663
1761,66036.21509144672
1762,1077857.8484870498
1763,892.287481167811
1764,129791.02618580527
1765,140.13346212607652
1766,510962.05883055006
1767,85415.33668129654
1768,52549.57068014931
1769,6210553.522110697
1770,738.6282443014878
1771,3797.151193390379
1772,-0.5773913566163091
1773,-0.6015485971620376
1774,-0.49890399351725145
1775,251.57869854249827
1776,118.38469114375548
1777,23699.391484033145
1778,474.18609211821206
1779,69.38273942514563
1780,-0.6376167731767757
1781,671.0914220623305
1782,296933.9587070441
1783,32278.275807722635
1784,60171.65039509826
1785,69.39129870218748
1786,195.72323114347753
1787,658.9637706788507
1788,561.1755214100766
1789,705.5434143445525
1790,1079104.629960172
1791,206808723.14732987
1792,191.13311998562455
1793,134.7153400392459
1794,286.4265769508842
1795,292009.11396163976
1796,191.87432132654988
1797,89170649.25914437
1798,14148.046243060666
1799,704865586.8736867
1800,60708.67474755086
1801,101572.92688206332
1802,7354.483026369819
1803,328.8141839782766
1804,17032704.475427695
1805,73520.75491213286
1806,166.44603582703462
1807,-0.08508243792654878
1808,-0.1956211438882013
1809,37266707.32710761
1810,325.27591674478447
1811,70.97334566926664
1812,4088.3011410462923
1813,27196.29046605005
1814,618563.8705405829
1815,31004.631272950486
1816,163.04988273229526
1817,188.6015953627213
1818,12632.882418345882
1819,217.11220166496815
1820,119.27815087078194
1821,-0.5816912552417134
1822,109.1287715858644
1823,4855.375653469681
1824,8466.943072936483
1825,23104022.09263181
1826,3.4023092888210975
1827,13205.192441879817
1828,195.08307755687918
1829,4221.002500015928
1830,3281.4257782480795
1831,321304.2406050554
1832,4938597.967322686
1833,151.87272716306452
1834,14115.600195237312
1835,54824.22921405143
1836,307.46742840212767
1837,787247160.1351113
1838,54702496.76373425
1839,110794237.12526655
1840,476.10313106943966
1841,443.74436078116236
1842,464.08207448388737
1843,132.45955302600473
1844,16.63481968493236
1845,73495.79855460448
1846,96.40200399848163
1847,119.12269356461098
1848,-0.1981867534557629
1849,307635961.5543254
1850,81564244.15485868
1851,299.5729809722983
1852,279.69816050542397
1853,2564972.376564765
1854,5.812235343761638
1855,28972.171321988488
1856,95253012.43581356
1857,15458.458253435383
1858,3220480.5231862026
1859,2198.250881291477
1860,16547846.836331503
1861,1892.4610058289875
1862,158.68075845161957
1863,533.9632120344066
1864,195.49376293731834
1865,8.90530050801149
1866,3.6557356455821823
1867,181.56278330045097
1868,64408.77502945937
1869,183.41372895281896
1870,14579.838522977296
1871,702.3486605674069
1872,2.450511604467376
1873,1956294.3487432485
1874,6717.117695769872
1875,62475.33561324844
1876,723.681168141754
1877,0.6414594603116623
1878,20873056.23966122
1879,716.6297908411991
1880,123.12811901985056
1881,157.9556052091993
1882,26471268.999176178
1883,757.4976794504009
1884,36967.44975475112
1885,247.4063913368845
1886,-0.4079663307444847
1887,522831649.5732068
1888,322.3530809406236
1889,641.384031655367
1890,507.18994802949805
1891,99.91860037601094
1892,132.71028702632654
1893,313.40915739527003
1894,354.7411316598086
1895,3862.803329295855
1896,341.3332694993535
1897,233.3355220759281
1898,19216.172316213095
1899,524062.9151319449
1900,-0.6477613582898106
1901,223.8326926058616
1902,1.9785203596841168
1903,3291.4391507170053
1904,29467.506339158208
1905,212501080.91626218
1906,8557662.354223046
1907,1167.4877337653977
1908,117815.90286414498
1909,131.88869768454455
1910,19654.08620695798
1911,511.1248333292275
1912,66.4159161530095
1913,1900.706170232791
1914,-0.164621713509421
1915,-0.6789503784457449
1916,808218812.485211
1917,4089182.63342205
1918,1073.1575073035826
1919,0.7805617744665885
1920,366.7755206170045
1921,7054.697061606865
1922,4162.003466899418
1923,1064.5102198604918
1924,18.870878676836682
1925,55151.00060508777
1926,200.24717788894216
1927,809.5532398036556
1928,33309.03528355734
1929,68286276.27127993
1930,-0.4311148514105649
1931,9205.758616221445
1932,190.34777026538063
1933,2080.6191921637055
1934,574.4784187744543
1935,193.2288778232638
1936,567.8438893729408
1937,3327.895189306989
1938,101496.73953786779
1939,299.4588611716719
1940,129206.7365948576
1941,7625.955141086686
1942,50599.829433077786
1943,159.94602460203708
1944,-0.24375034173974336
1945,41114.915011675286
1946,52.498364750344074
1947,327.2821830836385
1948,263.9451509824154
1949,278.142355364473
1950,145.2206218878751
1951,949491375.6735799
1952,241115.68663838418
1953,2705.427309347621
1954,122226.06796571505
1955,23837724.69008902
1956,1582.1393431578915
1957,215382.75354338606
1958,1150.548752406032
1959,2603.229205738657
1960,120.93623390794075
1961,99.22031219413779
1962,3.47170872020751
1963,3764.6739224942776
1964,2.69630305302643
1965,105527.44386695964
1966,265.7038026259211
1967,-0.322207651234561
1968,72440478.56888188
1969,119.89889062247214
1970,16474.574696229152
1971,310865.22816189216
1972,111.71440974105212
1973,-0.7896682202937391
1974,2.7492189530744873
1975,129.82481192561616
1976,25100163.85900991
1977,89597404.90591197
1978,20.75646503659995
1979,14700.6071907235
1980,4122.573205142256
1981,426443937.17184025
1982,1736999.3223174133
1983,122826472.23210989
1984,63.092583342425996
1985,60.51224134771638
1986,149.85532672966315
1987,12.168207596047592
1988,164167.62296063773
1989,138.31431160535007
1990,2356793.185345621
1991,64.7717536684951
1992,268728346.7289163
1993,75967736.72400372
1994,21005802.90170358
1995,551.0559619586086
1996,1.3189762824863123
1997,120.11231759689001
1998,22978.668925894563
1999,1504.621331228709
2000,715.0514444468918
